需求案例,情境,需求預期,本輪核對狀態,證據與缺口
AT01,首次開啟，未連接 Google Drive,進入連接入口；不建立本機正式帳本。授權後載入或建立 TWD 帳本及完整分類,部分,未授權入口及首次建立／分類種子有 E2E；固定台北時區，完整偏好與匯率尚缺。
AT02,十種分組各建兩個帳戶,分組正確，各帳戶獨立；可移組及封存,已測・單元,report.test.ts 逐組建立兩帳戶並改組／封存；E2E 驗證單一帳戶編修、封存、還原。
AT03,"期初 1,000、收入 500、支出 200","餘額 1,300；收支不包含期初 1,000",已測・單元,"report.test.ts 精確比對 1,300／500／200，期初不列收入。"
AT04,"A＝2,000、B＝100；A 轉 B 本金 500、費 10","A＝1,490、B＝600；總額 2,090，收入 0、費用 10",已測・模擬,ledger.test.ts 精確雙邊金額；E2E 另測同幣轉帳／淨手續費。
AT05,"3,200 TWD 換 100 USD，另付 30 TWD","來源減 3,230、目的加 100；本金不列支出，費用 30",部分,"單元及 E2E 驗證 3,200→100 與費用 30；尚無手動匯率欄位／歷史匯率快照。"
AT06,原幣無匯率或點數未設定價值,保留原幣顯示，總覽標示未估值，不直接加到 TWD,部分,Dashboard 各幣分開，未錯加；無估值與未估值清單、自訂點數。
AT07,帳戶不納入總餘額,總覽排除，明細、收支、帳單及提醒仍存在,部分,report.test.ts 與 E2E 驗證排除總額而保留收支；帳單／通知尚缺。
AT08,"共用額度 100,000、欠款 20,000、保留 20,000","可用 60,000；一筆保留 2,000 轉入欠款後仍為 60,000",未實作,FR07：無信用額度、帳單、分配、自動付款模型與 UI。
AT09,每月 30 日結帳遇 2027 年二月,結帳為 2 月 28 日，下月回到 3 月 30 日,未實作,FR07：無信用額度、帳單、分配、自動付款模型與 UI。
AT10,10 月 20 日結帳、固定 5 日到期／結帳後 15 日,分別為 11 月 5 日與 11 月 4 日,未實作,FR07：無信用額度、帳單、分配、自動付款模型與 UI。
AT11,結帳當日入帳與隔日入帳,分屬本期與下期，沒有重複或漏項,未實作,FR07：無信用額度、帳單、分配、自動付款模型與 UI。
AT12,"帳單 12,000、期限前折抵 2,000、已繳 3,000","未付 7,000；帳戶折抵只增加一次，繳款不重列支出",未實作,FR07：無信用額度、帳單、分配、自動付款模型與 UI。
AT13,同一收入被兩張帳單分配,分配總額不得超過收入可分配額；超額拒絕,未實作,FR07：無信用額度、帳單、分配、自動付款模型與 UI。
AT14,自動繳款來源不足、重開並重新連接,不足不產生成功付款；連線、同步及足額後只記一次全額付款,未實作,FR07：無信用額度、帳單、分配、自動付款模型與 UI。
AT15,消費 100、每 30 元 1 點，完整級距,回饋 3 點；切為小數比例則按指定精度計算,未實作,FR08：無回饋規則、門檻、上限、計次與退款追回。
AT16,兩筆各 100、1.8% 回饋、單筆捨去至整元,每筆 1 元，總額 2 元；不可跳過單筆規則算成 3 元,未實作,FR08：無回饋規則、門檻、上限、計次與退款追回。
AT17,"累積門檻 3,000、兩筆 1,500、2%",第一筆僅預估；達標追溯全期共 60，再按區間上限限制,未實作,FR08：無回饋規則、門檻、上限、計次與退款追回。
AT18,基本與活動回饋、跨裝置同時達到上限,依疊加／互斥政策計算；合併後上限不超發，差額可追溯,未實作,FR08：無回饋規則、門檻、上限、計次與退款追回。
AT19,回饋已入帳後部分退款,依原規則重算、建立追回差額，不刪歷史、不重複追回,未實作,FR08：無回饋規則、門檻、上限、計次與退款追回。
AT20,B＝300、C＝250、T＝100、A＝500、G＝600,前／後固定儲值最終 550；補差額轉入 550、最終 600；順序可追溯,未實作,FR09／FR12：無自動儲值與低餘額通知。
AT21,儲值來源不足或 A↔B 形成循環,來源不足產生待處理；循環設定拒絕，已發生支出可明確保留,未實作,FR09／FR12：無自動儲值與低餘額通知。
AT22,"國外本金 1,000、費率 1.5%、全額退款退費",手續費 15，退本金及費用一次；不退費選項保留 15 費用,未實作,FR06／§9～10：無關聯退款、費用退款或整筆折扣分配。
AT23,同筆消費多次部分退款,本金與退費累計不超額，最後一次處理尾差,未實作,FR06／§9～10：無關聯退款、費用退款或整筆折扣分配。
AT24,週期從第 3 期、總共 12 期,只生成 10 期；重跑不再新增,未實作,FR10：無週期、工作日、分期本利表、退款取消或提前清償。
AT25,週期遇假日提前／延後,本期調整符合日曆，下一期仍從原始規則計算,未實作,FR10：無週期、工作日、分期本利表、退款取消或提前清償。
AT26,"分期 1,000／3，捨去、尾差末期","333、333、334；本金合計 1,000",未實作,FR10：無週期、工作日、分期本利表、退款取消或提前清償。
AT27,分期首期回饋，未來各期陸續入帳,全額回饋只算首期一次；額度保留同額釋放,未實作,FR10：無週期、工作日、分期本利表、退款取消或提前清償。
AT28,"借出 1,000、收回 400",應收餘額 600；本金往來不列收入支出,未實作,FR11：無債權債務、部分結清或報帳非現金調整。
AT29,"借入還款包含本金 1,000 與利息 50","負債減 1,000，支出只列利息 50",未實作,FR11：無債權債務、部分結清或報帳非現金調整。
AT30,關閉網站三個月再開啟,關站不提醒或執行；驗證帳號後顯示快取，取得雲端並按依賴補處理，保留名義與實際時間,部分,前景同步與身份驗證存在；無排程及補執行。
AT31,草稿／待提交操作暫存遇本機配額用盡,先清一般快取；仍失敗保留表單及下載入口，不假稱安全暫存或正式入帳，不形成半筆轉帳,部分,session.test.ts 模擬配額保護、表單下載入口存在；實際瀏覽器容量耗盡尚未量測。
AT32,兩個分頁同時寫入,寫入協調或一方只讀，資料不互相覆蓋,待驗證,Web Locks 與 BroadcastChannel 已使用；未完成真實雙分頁並發寫入驗收。
AT33,兩裝置離線編輯不同草稿後重連,離線均不入帳；先同步及驗證，未按提交的草稿維持草稿，已提交可續送；同一自動期次不重複,部分,離線草稿／不自動提交有模擬測試；跨裝置實機與自動期次尚缺。
AT34,兩裝置修改同一筆／一方刪除,顯示完整操作組衝突，保留兩版，不按裝置時間靜默覆蓋,部分,版本衝突偵測與草稿採用版本有單元測試；正式修訂／完整衝突解決入口未完成。
AT35,雲端上傳成功但回應丟失、重試,可按 batchId 查回；內容重複不造成第二次入帳,部分,session／drive 單元與 E2E 查回相同 operationId/fileId；尚非需求完整多操作 batch。
AT36,token 過期、換帳號、Drive 配額不足,暫停正式及自動入帳，保留草稿／待確認提交；重新連接後續作，不誤傳帳號或標示成功,部分,REST 到期單元與 E2E 本機過期、Google 401、換帳號、草稿／pending 保護已測；真實撤銷／配額及自動帳務未驗。
AT37,完整匯出並還原至新資料集,資料、縮圖、本利表、帳單、分配與已執行／抑制狀態一致；新 bookId 不重生歷史事件,未實作,只有基本 JSON 匯出，無完整備份／還原。
AT38,損壞 JSON 或新版本格式匯入,拒絕正式替換或進只讀，既有帳本保持可用,部分,Zod 拒絕不相容資料；無匯入預覽及完整唯讀恢復 UI。
AT39,非工作日、閏年、裝置換時區,排程依帳本時區及保存規則，日期不漂移,未實作,固定 Asia/Taipei；無可設定時區、工作日日曆與排程。
AT40,撤銷含費用／回饋的轉帳或消費,所有關聯明確處理，無孤立分錄，稽核歷程可查,部分,撤銷收支／轉帳會回沖本金及淨費用；無費用獨立分錄、回饋／退款關聯。
AT41,首次授權連接 Google Drive,使用 drive.file，在目前使用者 My Drive 根目錄建立專用可見資料夾，相關資料放其下,部分,先前正式 Chrome 已驗證本人資料夾／manifest 建立；本輪 E2E 仍為模擬，未新增真實財務資料。
AT42,A 有待同步資料及未返回請求，切到 B,清空 A 的畫面及 token；A 資料留原命名空間，遲到回應被 sessionEpoch 擋下，不寫入 B,部分,E2E 切帳號清畫面與隔離、取消切換清 token、恢復中登出阻止遲到身分回應；應用 session 中止單元。真實多裝置並發尚未驗收。
AT43,專用資料夾改名、刪除、重試建立,改名依 folderId 連接；刪除時停止上傳並保留本機；不明建立結果先查回，不生重複資料,部分,首次查找、遺失 manifest、移動資料夾 E2E；恢復／重新選取資料夾 UI 尚缺。
AT44,一筆支出含飲料 60、日用品 140,一筆主紀錄、兩筆明細、帳戶共扣 200；分類 60／140，不重算成 400,已測・模擬,ledger.test.ts 與 E2E 驗證 60＋140 只扣 200、保存／重載／撤銷。
AT45,明細 60／140，整筆折扣 20,比例分配折扣 6／14，明細淨額 54／126，實扣 180；分配總額精確為 20,未實作,FR06／§9～10：無關聯退款、費用退款或整筆折扣分配。
AT46,AT45 的日用品明細退回 50,關聯該 lineId，日用品淨支出降為 76、飲料仍 54；該行累計退款不可超過 126,未實作,FR06／§9～10：無關聯退款、費用退款或整筆折扣分配。
AT47,同筆明細 60＋40、1.8% 回饋、捨去至元,相同規則合計 100 後算回饋 1，消費次數 1；固定每筆回饋也只發一次,未實作,FR08：無回饋規則、門檻、上限、計次與退款追回。
AT48,同筆多行消費後餘額 50、T＝100、G＝600,整筆只產生一個 550 的儲值轉帳，改行序不改金額或次數,未實作,FR09／FR12：無自動儲值與低餘額通知。
AT49,明細本金 700／300，分 3 期,可分配 233／233／234 及 100／100／100；各行總額、各期 333／333／334 均一致,未實作,FR10：無週期、工作日、分期本利表、退款取消或提前清償。
AT50,舊版一筆分類紀錄遷移,保留原 transactionId，建立一個對應明細並更新引用，不新增第二筆帳戶扣款,未實作,只有 schema 1；無舊單分類格式遷移。
AT51,多明細提交失敗或兩裝置改不同行,草稿與提交整組保存；Drive 確認後整組入帳，雲端仍按整筆版本檢查共同折扣與衝突,部分,整筆多明細保存、未知提交、重試與不同版本衝突有測試；明細共同折扣／跨裝置實機尚缺。
AT52,"有息本金 1,000、總利息 30、3 期、尾差末期","各期本利 343／343／344，本金合計 1,000、利息合計 30，總應付 1,030",未實作,FR10：無週期、工作日、分期本利表、退款取消或提前清償。
AT53,補差額 T＝100、G＝600，消費後為 150／100／50,前兩者不觸發，最後一種轉入 550；不把 G 當固定轉入金額,未實作,FR09／FR12：無自動儲值與低餘額通知。
AT54,改選主帳戶並新增多明細紀錄,整筆預設帶入新帳戶，舊交易不變；主帳戶與額度群組主帳戶互不覆蓋,部分,預設帳戶 E2E 已補；信用群組代表帳戶尚未實作。
AT55,預設分類載入並新增三行支出明細,支出預設二層、其餘預設一層；三行明細不增加分類樹深度,部分,附錄所有預設名稱、二層／一層種子精確核對；多行可新增；自訂分類尚缺。
AT56,"正附卡欠款 6,000／4,000，合併 StatementGroup","帳單合計 10,000，只引用既有欠款；繳款分配回原帳戶，不在代表帳戶重建消費",未實作,FR07：無獨立額度／帳單群組、唯一欠款及付款分配。
AT57,同一已驗證帳號重開且有相容快取,先顯示上次雲端確認值與時間及核對中，背景拉取變更；未確認新增不混入正式餘額,部分,身份驗證後才投影快取，顯示快取時間；尚無延遲 API 下先快取後更新的完整 E2E。
AT58,編輯多明細草稿，雲端自動保存成功,顯示草稿已同步；跨裝置可恢復，正式餘額、帳單、回饋與消費次數均不變,部分,草稿同步不計餘額有 session 單元；未做真實第二裝置恢復。
AT59,草稿雲端已存 v1，本機 v2 尚未上傳而清快取,只清一般快取；保留 v2。明確捨棄或相同版本確認保存前不可自動刪除,已測・單元,session.test.ts 清快取不清草稿／pending；遲到 acknowledgement 不確認新版。
AT60,同分頁重整、到期／失效、登出／切帳號及關站再開,有效短期 token 可從 sessionStorage 恢復；先向 Google 驗證原帳號再讀快取並同步，不延長原期限。過期／失效／登出／切帳號清除；localStorage、Drive、匯出、日誌及 GitHub 無 token，未驗證不顯示帳務；同帳號點擊續接核對 ownerId 後更新期限且保留編輯內容,部分,v0.6：有效重整不呼叫 OAuth；點擊續接用 login_hint＋空 prompt，先驗 ownerId 再更換期限，保留帳戶／交易編輯器；取消及候選 401 保留原有效授權；到期與切帳號清 token，登出／切換亦清提示。72 單元與 33 模擬 E2E；真實 Google 續接仍待驗。
AT61,清空一般快取但留下舊增量游標,由相符快照及必要批次重建，再追變更；不能只拉舊游標後資料而漏掉歷史帳目,未實作,尚無增量游標與快照；目前全量重建。
AT62,首次分頁掃描期間另一裝置新增交易,先取得起點游標、掃描後補讀變更，新增只出現一次且不漏帳,未實作,只有分頁列表，無起點游標後補讀 changes，掃描期間可能漏到下一輪才取得。
AT63,兩裝置各退 80，原單剩餘可退 100,不同 operationId 仍檢查共同上限；保留候選資料、要求處理，不把 160 全列合法退本,未實作,FR06／§9～10：無關聯退款、費用退款或整筆折扣分配。
AT64,"原欠款 1,000，兩帳期都顯示結轉，付款 400","唯一欠款剩 600，總未付不是 1,200；所有帳單引用反映同一已清償結果",未實作,FR07：無獨立額度／帳單群組、唯一欠款及付款分配。
AT65,到期日後入帳正向款，或款項超過可分配額,保留未分配信用餘額，可人工處理或後續分配，不默默清逾期帳單或產生負應付,未實作,FR07：無獨立額度／帳單群組、唯一欠款及付款分配。
AT66,"合併帳單 6,000＋4,000，來源只有 9,000",整組自動繳款停止，不先付某成員而宣稱全額完成；手動部分付款另走明確流程,未實作,FR07：無獨立額度／帳單群組、唯一欠款及付款分配。
AT67,同日兩帳單競用付款來源，付款後才來退款,按到期日及穩定 ID 逐張檢查；晚到退款另記正向款，不回寫已完成付款,未實作,FR07：無獨立額度／帳單群組、唯一欠款及付款分配。
AT68,加入 StatementGroup 前仍有獨立未付帳單,歷史帳單及到期日保留，新完整帳期才套群組政策，不漏繳也不重複生成,未實作,FR07：無獨立額度／帳單群組、唯一欠款及付款分配。
AT69,"信用群組 A 溢繳 1,000、B 欠 5,000",A 不自動擴增群組額度或清 B 欠款；跨成員調整須有明確來源分配,未實作,FR07：無獨立額度／帳單群組、唯一欠款及付款分配。
AT70,"分期 P＝12,000、I＝120、12 期，從第 3 期接手","原表前兩期標已處理，剩 P＝10,000、I＝100，只生成第 3～12 期",未實作,FR10：無週期、工作日、分期本利表、退款取消或提前清償。
AT71,寬限一個月並遇二月短月,首期錨點及後續全表順延，名義日不漂移；期數及輸入本金／總利息不變,未實作,FR10：無週期、工作日、分期本利表、退款取消或提前清償。
AT72,鎖定首期金額且尾差指定首期，兩者無法同時成立,拒絕不相容設定並提示修正，不自動挪尾差或改本金／利息合計,未實作,FR10：無週期、工作日、分期本利表、退款取消或提前清償。
AT73,"未入帳本金 10,000，實收退款 3,000，分期照常","本次正向款 3,000；未來本金仍 10,000，不再同時取消同額本金",未實作,FR10：無週期、工作日、分期本利表、退款取消或提前清償。
AT74,"未入帳本金 10,000，取消未來本金 3,000","未來本金及保留額各減 3,000，無額外收款；預設從末期往前取消",未實作,FR10：無週期、工作日、分期本利表、退款取消或提前清償。
AT75,信用分期提前清償；貸款已有完整負債,信用先轉欠款並釋放同額保留後付款；貸款只減既有債務，未來期次標已取代不重生,未實作,FR10：無週期、工作日、分期本利表、退款取消或提前清償。
AT76,"外幣原扣 3,200 TWD，全退實收 3,500","原幣退本不超額、成本回沖 3,200、匯差 +300；不能用原台幣成本拒絕實收",未實作,FR06／§9～10：無關聯退款、費用退款或整筆折扣分配。
AT77,分期消費國外手續費 150,預設首期只收一次 150；實際逐期模式須明示，不每期重新按原總額收費,未實作,FR06／§9～10：無關聯退款、費用退款或整筆折扣分配。
AT78,同原消費拆明細與分期，固定每筆回饋,同規則最多一次有效固定回饋；同窗口計次一筆，週期的新事件可另計,未實作,FR08：無回饋規則、門檻、上限、計次與退款追回。
AT79,"門檻 3,000 領 60，退款後剩 2,900，點數已用完",重驗原窗口追回整期 60，可形成負點數並提醒；重跑不重複追回,未實作,FR08：無回饋規則、門檻、上限、計次與退款追回。
AT80,本期回饋已占上限後改名稱、版本或入帳日,不重置已用上限；門檻／單位／上限改動預設下一窗口，本期重算需預覽,未實作,FR08：無回饋規則、門檻、上限、計次與退款追回。
AT81,信用來源自動儲值成功 500 並有專用 topup 規則,來源欠款及目的餘額各增 500，本金不列支出；只計成功轉入本金，不再觸發第二層儲值,未實作,FR09／FR12：無自動儲值與低餘額通知。
AT82,消費瞬間低於門檻但成功儲值後已高於門檻,整組完成後判斷，不跳瞬間低餘額警告；儲值失敗另有通知及待處理,未實作,FR09／FR12：無自動儲值與低餘額通知。
AT83,"本人支出 1,000、報帳核准 600、後收款 600",核准以非現金調整形成支出 400／應收 600，收款結清應收，不另列收入,未實作,FR11：無債權債務、部分結清或報帳非現金調整。
AT84,自動儲值／回饋接管為手動後來源重算或刪除,保留歷史來源及 detached／suppressed 狀態，不再生成第二份；實際儲值預設保留,未實作,無 DerivationLink 與 managed／detached／suppressed 狀態。
AT85,恢復較舊備份為新 bookId 後舊裝置回連,舊操作留舊資料集；重新確認作用中帳本，不直併新帳本，不重跑已執行或撤銷期次,未實作,無新 bookId 還原及作用中資料集選擇。
AT86,完整備份少一張縮圖或一個必要批次,標明缺項及不完整，不宣稱可完整還原；未完成依賴不正式啟用,未實作,無資源清單與完整備份驗證。
AT87,舊分頁遇到較新 schema 或 minWritableAppVersion,唯讀並提示更新；不能寫掉未知欄位，遷移先留復原點,部分,未知 schema 拒絕寫入；缺完整唯讀提示、minWritableAppVersion 比較與遷移復原點。
AT88,已有歷史分類新增子節點、幣種精度變更,分類最多三層，歷史 categoryId 不變，新紀錄選葉節點；舊精度及金額不可直接改寫,未實作,分類與幣種為固定種子，無自訂／精度遷移。
AT89,本機偏好非同步到另一裝置、同草稿並發改動,可攜偏好版本同步；不套用另一裝置 token、游標或鎖。草稿保留衝突版本，不覆蓋新內容,部分,草稿版本 DAG 與衝突選擇已做；preferences 目錄仍空，無可攜偏好同步。
AT90,總覽有未入帳分期與已映射負債帳戶,正式淨額與含未來分期估計分列；映射負債只計一次，排除帳戶不從內部科目另加回,未實作,無債務映射及未入帳分期估計。
